{
    "@class": "com.kony.gen.viz.model.component.KVizTextBox2",
    "DNDConfig": null,
    "__parentReadjusting__": false,
    "_height_": {
        "type": "string",
        "value": "40dp"
    },
    "_left_": {
        "type": "string",
        "value": "135dp"
    },
    "_margin_": [
        0,
        0,
        0,
        0
    ],
    "_padding_": [
        3,
        0,
        0,
        0
    ],
    "_placeholder_": "",
    "_skin_": "s8b064f8f4984863b2ef0b9d8efc8ea3",
    "_text_": "Employee Name",
    "_top_": {
        "type": "string",
        "value": "105dp"
    },
    "_width_": {
        "type": "string",
        "value": "180dp"
    },
    "autocapitalize": "none",
    "autocomplete": false,
    "autocorrect": false,
    "autofilter": false,
    "canUpdateUI": true,
    "containerheight": "",
    "containerheightmode": 1,
    "containerweight": 100,
    "contentalignment": 4,
    "id": "NameTextBox",
    "info": null,
    "isvisible": true,
    "keyboardtype": "A",
    "kuid": "5075a15a4da84cd29bf0121a21b5ee04",
    "mode": "A",
    "name": "kony.ui.TextBox2",
    "parent": "FlexContainer01",
    "pf": "MainForm",
    "securetextentry": false,
    "textinputmode": "A",
    "viewtype": "default",
    "wType": "TextField",
    "zindex": 1
}