{
    "AS_Button_ba468f239c7d4206a51e7b064cc4f7d7": {
        "id": "AS_Button_ba468f239c7d4206a51e7b064cc4f7d7",
        "type": "ACTION_SEQUENCE",
        "params": [{
            "datatype": "collection",
            "name": "eventobject"
        }],
        "contextObj": {
            "name": "ListForm",
            "type": "forms",
            "platform": "",
            "KUID": "7ef162d9f31e464d939185b887274a03"
        },
        "actions": [{
            "id": "NAVIGATE_TO_FORM___08820c6c2d79487eae678c23cdd387f0",
            "type": "NAVIGATE_TO_FORM",
            "formId": "MainForm",
            "formKUID": "82646580f601441890be80633f4e6276",
            "mappings": {},
            "mappingsOrder": [],
            "parentId": "",
            "callbackType": null,
            "enableMappingEditor": true
        }]
    }
}