{
    "AS_Button_7b9b7e158cef405c922df8b5b3019cad": {
        "id": "AS_Button_7b9b7e158cef405c922df8b5b3019cad",
        "type": "ACTION_SEQUENCE",
        "params": [{
            "datatype": "collection",
            "name": "eventobject"
        }],
        "contextObj": {
            "name": "ListForm",
            "type": "forms",
            "platform": null,
            "KUID": "2e85e665e632481c9ec5555701ab5a6d"
        },
        "actions": [{
            "id": "NAVIGATE_TO_FORM___c97d9ba3286044a8a74314cdaf972464",
            "type": "NAVIGATE_TO_FORM",
            "formId": "MainForm",
            "formKUID": "82646580f601441890be80633f4e6276",
            "mappings": {},
            "mappingsOrder": [],
            "parentId": "",
            "callbackType": null,
            "enableMappingEditor": true
        }]
    }
}