{
    "@class": "com.kony.gen.viz.model.component.KVizButton",
    "DNDConfig": null,
    "__parentReadjusting__": false,
    "_height_": {
        "type": "string",
        "value": "50dp"
    },
    "_left_": {
        "type": "string",
        "value": "41dp"
    },
    "_margin_": [
        6,
        6,
        6,
        6
    ],
    "_padding_": [
        0,
        0,
        0,
        0
    ],
    "_skin_": "s3de72e91246489faf838424b08e5d1b",
    "_text_": "Back",
    "_top_": {
        "type": "string",
        "value": "399dp"
    },
    "_width_": {
        "type": "string",
        "value": "260dp"
    },
    "canUpdateUI": true,
    "containerweight": 100,
    "contentalignment": 5,
    "displaytext": true,
    "focusskin": "s8b7b99e45594f13a39541382fef119a",
    "id": "Back",
    "ide_onClick": "AS_Button_7b9b7e158cef405c922df8b5b3019cad",
    "info": null,
    "isvisible": true,
    "kuid": "edcaf89c941e47759a2c6e6f9e7094a8",
    "name": "kony.ui.Button",
    "parent": "FlexContainer08b45d9671a2645",
    "pf": "ListForm",
    "wType": "Button",
    "zindex": 1
}